date	file	iteration	score	verdict	notes
2026-07-19	src/content/services/seo-berkshire/content.mdoc	v1	78	NEEDS REVISION	Comma-jammed appositive list in agency/company section (clause commas ~5 in one sentence); prose em-dash pair inserted in "Why Local Expertise Matters"; dangling growth clause in answer-first block. Start-with-answer 95%+, LLM fluff 0, headings PASS.
2026-07-19	src/content/services/seo-berkshire/content.mdoc	v2	91	APPROVED	Fixes: list moved to parentheses; em-dash pair replaced with parenthetical; growth claim split to own sentence ("Clients typically see 150 to 280% organic traffic growth", reuses existing verified site claim). Remaining em dashes are pre-existing list-separator convention, out of scope.
2026-07-19	src/content/services/seo-consultant-reading/content.mdoc	v1	84	NEEDS REVISION	Stub sentence "Services cover Reading in detail:" carries no information (fails start-with-answer/QA pairing for the Areas Served heading). Answer-first £495 block PASS, fluff 0, no cannibalising Berkshire copy remains (single hub link).
2026-07-19	src/content/services/seo-consultant-reading/content.mdoc	v2	92	APPROVED	Stub replaced with "SEO services cover every commercial area of Reading:" (subject+answer, matches heading). All other new prose compliant.
2026-07-19	src/content/services/technical-seo-audit/content.mdoc	v1	87	NEEDS REVISION	Definition-first opening block excellent (entity+attributes in sentence 1). One comma splice: ", no tiered quotes, no retainer required" tacked onto price sentence.
2026-07-19	src/content/services/technical-seo-audit/content.mdoc	v2	94	APPROVED	Splice fixed with colon. Price/deliverables facts consistent with FAQ schema and site-wide £495 (redundancy check PASS).
2026-07-19	src/content/services/seo-wokingham/content.mdoc	v1	83	NEEDS REVISION	First sentence of new technical-SEO section is a double-clause comma sentence (comma rule fail). Facts (50+ factors, £495, 5 days, 60-min call) consistent with audit page.
2026-07-19	src/content/services/seo-wokingham/content.mdoc	v2	90	APPROVED	Sentence split into two answer-first sentences. Section links once to technical-seo-audit (link rule PASS).
2026-07-19	src/content/blog/local-seo-berkshire-guide/content.mdoc	v1	82	NEEDS REVISION	Conversion paragraph carried 3 commercial links (link-density fail near top of post). Answer-first summary itself strong (definition + audience in 2 sentences, enumeration commas only).
2026-07-19	src/content/blog/local-seo-berkshire-guide/content.mdoc	v2	89	APPROVED	Dropped weakest link (/services/local-seo/, page ranks p44 for target intent) leaving audit CTA + SEO Berkshire hub anchor. Blog remains the ranking asset for "local seo berkshire" (p4.45); no retargeting of service pages onto it (dilution check PASS).
